concello;objectid;ua_teselas;ua_tesel_1;ua;hectares;grupoua;shape_leng;tabla_anex;tabla_an_1;cobertura;cod_tipo;codanexoi;cod_anexoi;p;anexoi_gal;shape_leng.1;Unnamed: 17
Negreira;26757;23617;ES1110011.0388;UA411;35.72011273;UA400;5680.355011;26826.0;ES1110011.0388;1;V;5230*;5230;X;Matogueiras arborescentes de Laurus nobilis;5680.355011;
Negreira;26758;23617;ES1110011.0388;UA411;35.72011273;UA400;5680.355011;26827.0;ES1110011.0388;1;V;9180*;9180;X;Bosques de encostas, desprendementos e barrancos do Tilio-Acerion;5680.355011;
Negreira;26759;23617;ES1110011.0388;UA411;35.72011273;UA400;5680.355011;26825.0;ES1110011.0388;5;V;9230;9230;;Carballeiras galaico-portugueses con Quercus robur e Q. pyrenaica;5680.355011;
Negreira;26760;23617;ES1110011.0388;UA411;35.72011273;UA400;5680.355011;26828.0;ES1110011.0388;1;S;6430;6430;;Megaforbios éutrofos higrófilos das orlas de chairas;5680.355011;
Negreira;26828;23958;ES1110011.0418;UA220;28.90193989;UA200;17739.69071;26897.0;ES1110011.0418;1;S;6430;6430;;Megaforbios éutrofos higrófilos das orlas de chairas;17739.69071;
Negreira;26829;23958;ES1110011.0418;UA220;28.90193989;UA200;17739.69071;26896.0;ES1110011.0418;5;P;3260;3260;;Ríos dos pisos basal a montano;17739.69071;
Negreira;26968;23951;ES1110011.0502;UA261;7.267125799;UA200;4388.610438;27036.0;ES1110011.0502;1;S;6430;6430;;Megaforbios éutrofos higrófilos das orlas de chairas;4388.610438;
