concello;objectid;ua_teselas;ua_tesel_1;ua;hectares;grupoua;shape_leng;tabla_anex;tabla_an_1;cobertura;cod_tipo;codanexoi;cod_anexoi;p;anexoi_gal;shape_leng.1;Unnamed: 17
Ames;181049;105133;ES1140001.1327;UA220;26.4157673;UA200;84548.59965;181126.0;ES1140001.1327;5;P;3260;3260;;Ríos dos pisos basal a montano;84548.59965;
Ames;181050;105133;ES1140001.1327;UA220;26.4157673;UA200;84548.59965;181127.0;ES1140001.1327;1;S;6430;6430;;Megaforbios éutrofos higrófilos das orlas de chairas;84548.59965;
Ames;181714;105119;ES1140001.1588;UA220;6.431106548;UA200;21452.33798;181791.0;ES1140001.1588;5;P;3260;3260;;Ríos dos pisos basal a montano;21452.33798;
Ames;181715;105119;ES1140001.1588;UA220;6.431106548;UA200;21452.33798;181792.0;ES1140001.1588;2;V;91E0*;9.10E+01;X;Bosques aluviais de Alnus glutinosa e Fraxinus excelsior;21452.33798;
Ames;181716;105119;ES1140001.1588;UA220;6.431106548;UA200;21452.33798;181793.0;ES1140001.1588;1;S;6430;6430;;Megaforbios éutrofos higrófilos das orlas de chairas;21452.33798;
