concello;objectid;ua_teselas;ua_tesel_1;ua;hectares;grupoua;shape_leng;tabla_anex;tabla_an_1;cobertura;cod_tipo;codanexoi;cod_anexoi;p;anexoi_gal;shape_leng.1;Unnamed: 17
Irixoa;6941;8182;ES1110003.0847;UA220;1.461608545;UA200;2941.385777;7009.0;ES1110003.0847;5;P;3260;3260;;Ríos dos pisos basal a montano;2941.385777;
Irixoa;22086;20053;ES1110007.1215;UA220;17.64360103;UA200;44188.97059;22154.0;ES1110007.1215;5;P;3260;3260;;Ríos dos pisos basal a montano;44188.97059;
Irixoa;22087;20053;ES1110007.1215;UA220;17.64360103;UA200;44188.97059;22155.0;ES1110007.1215;1;S;6430;6430;;Megaforbios éutrofos higrófilos das orlas de chairas;44188.97059;
