concello;objectid;ua_teselas;ua_tesel_1;ua;hectares;grupoua;shape_leng;tabla_anex;tabla_an_1;cobertura;cod_tipo;codanexoi;cod_anexoi;p;anexoi_gal;shape_leng.1;Unnamed: 17
Somozas; As;29323;25201;ES1110013.0380;UA411;48.2008513;UA400;9314.436886;29394;ES1110013.0380;1;S;4030;4030;;Queirogais secos europeos;9314.436886
Somozas; As;29324;25201;ES1110013.0380;UA411;48.2008513;UA400;9314.436886;29395;ES1110013.0380;1;S;8230;8230;;Rochedos silíceos con vexetación pioneira;9314.436886
Somozas; As;29325;25201;ES1110013.0380;UA411;48.2008513;UA400;9314.436886;29396;ES1110013.0380;1;S;8220;8220;;Encostas rochosas silíceas con vexetación casmofítica;9314.436886
Somozas; As;29326;25201;ES1110013.0380;UA411;48.2008513;UA400;9314.436886;29391;ES1110013.0380;5;V;9230;9230;;Carballeiras galaico-portugueses con Quercus robur e Q. pyrenaica;9314.436886
Somozas; As;29327;25201;ES1110013.0380;UA411;48.2008513;UA400;9314.436886;29392;ES1110013.0380;1;S;3260;3260;;Ríos dos pisos basal a montano;9314.436886
Somozas; As;29328;25201;ES1110013.0380;UA411;48.2008513;UA400;9314.436886;29393;ES1110013.0380;1;S;6430;6430;;Megaforbios éutrofos higrófilos das orlas de chairas;9314.436886
