concello;poligonales;objectid;ua_teselas;ua_tesel_1;ua;hectares;grupoua;shape_leng;tabla_anex;tabla_an_1;cobertura;cod_tipo;codanexoi;cod_anexoi;p;anexoi_gal;shape_leng.1
Fene;"POLIGONAL P.E Caaveiro
";6843;8116;ES1110003.0771;UA220;0.279241298826;UA200;1404.68999022;6911;ES1110003.0771;5.0;P;3260;3260;;Ríos dos pisos basal a montano;1404.68999022
Fene;"POLIGONAL P.E Caaveiro
";6844;8116;ES1110003.0771;UA220;0.279241298826;UA200;1404.68999022;6912;ES1110003.0771;1.0;V;91E0*;91E0;X;Bosques aluviais de Alnus glutinosa e Fraxinus excelsior;1404.68999022
Fene;"POLIGONAL P.E Caaveiro
";6845;8117;ES1110003.0772;UA220;0.109955299071;UA200;557.177744768;6913;ES1110003.0772;5.0;P;3260;3260;;Ríos dos pisos basal a montano;557.177744768
Fene;"POLIGONAL P.E Caaveiro
";6846;8117;ES1110003.0772;UA220;0.109955299071;UA200;557.177744768;6914;ES1110003.0772;1.0;V;91E0*;91E0;X;Bosques aluviais de Alnus glutinosa e Fraxinus excelsior;557.177744768
Fene;"POLIGONAL P.E Caaveiro
";6867;8128;ES1110003.0783;UA220;0.199755642046;UA200;1007.81417792;6935;ES1110003.0783;5.0;P;3260;3260;;Ríos dos pisos basal a montano;1007.81417792
Fene;"POLIGONAL P.E Caaveiro
";6868;8128;ES1110003.0783;UA220;0.199755642046;UA200;1007.81417792;6936;ES1110003.0783;1.0;V;91E0*;91E0;X;Bosques aluviais de Alnus glutinosa e Fraxinus excelsior;1007.81417792
Fene;"POLIGONAL P.E Caaveiro
";6943;8184;ES1110003.0849;UA220;1.6271502642;UA200;3273.57111616;7011;ES1110003.0849;5.0;P;3260;3260;;Ríos dos pisos basal a montano;3273.57111616
Fene;"POLIGONAL P.E Caaveiro
";6947;8188;ES1110003.0854;UA220;3.40362079028;UA200;6826.86955658;7015;ES1110003.0854;5.0;P;3260;3260;;Ríos dos pisos basal a montano;6826.86955658
