concello;aeroxenadores;objectid;ua_teselas;ua_tesel_1;ua;hectares;grupoua;shape_leng;tabla_anex;tabla_an_1;cobertura;cod_tipo;codanexoi;cod_anexoi;p;anexoi_gal;shape_leng.1
Porto do Son;1;16532;16960;ES1110006.0119;UA162;25.4217799872;UA100;6946.24759271;16603;ES1110006.0119;1;V;6220*;6220;X;Pseudoestepas de gramíneas e anuais da orde Thero-Brachypodietea;6946.24759271
Porto do Son;1;16533;16960;ES1110006.0119;UA162;25.4217799872;UA100;6946.24759271;16600;ES1110006.0119;5;P;4030;4030;;Queirogais secos europeos;6946.24759271
Porto do Son;1;16534;16960;ES1110006.0119;UA162;25.4217799872;UA100;6946.24759271;16601;ES1110006.0119;1;V;8230;8230;;Rochedos silíceos con vexetación pioneira;6946.24759271
Porto do Son;1;16535;16960;ES1110006.0119;UA162;25.4217799872;UA100;6946.24759271;16602;ES1110006.0119;5;V;4030;4030;;Queirogais secos europeos;6946.24759271
