concello;poligonales;objectid;ua_teselas;ua_tesel_1;ua;hectares;grupoua;shape_leng;tabla_anex;tabla_an_1;cobertura;cod_tipo;codanexoi;cod_anexoi;p;anexoi_gal;shape_leng.1
Neves, As;Poligonal P.E COTO DOS LOBOS;194697;114766;ES1140007.2058;UA220;1.14148093792;UA200;11415.4806965;194707;ES1140007.2058;3.0;V;91E0*;91E0;X;Bosques aluviais de Alnus glutinosa e Fraxinus excelsior;11415.4806965
Neves, As;Poligonal P.E COTO DOS LOBOS;194698;114766;ES1140007.2058;UA220;1.14148093792;UA200;11415.4806965;194708;ES1140007.2058;1.0;S;6430;6430;;Megaforbios éutrofos higrófilos das orlas de chairas;11415.4806965
Neves, As;Poligonal P.E COTO DOS LOBOS;194699;114766;ES1140007.2058;UA220;1.14148093792;UA200;11415.4806965;194706;ES1140007.2058;5.0;P;3260;3260;;Ríos dos pisos basal a montano;11415.4806965
Neves, As;Poligonal P.E COTO DOS LOBOS;194703;114768;ES1140007.2060;UA220;0.266215692724;UA200;2665.89298894;194714;ES1140007.2060;1.0;S;6430;6430;;Megaforbios éutrofos higrófilos das orlas de chairas;2665.89298894
Neves, As;Poligonal P.E COTO DOS LOBOS;194704;114768;ES1140007.2060;UA220;0.266215692724;UA200;2665.89298894;194712;ES1140007.2060;5.0;P;3260;3260;;Ríos dos pisos basal a montano;2665.89298894
Neves, As;Poligonal P.E COTO DOS LOBOS;194705;114768;ES1140007.2060;UA220;0.266215692724;UA200;2665.89298894;194713;ES1140007.2060;3.0;V;91E0*;91E0;X;Bosques aluviais de Alnus glutinosa e Fraxinus excelsior;2665.89298894
