concello;poligonales;objectid;ua_teselas;ua_tesel_1;ua;hectares;grupoua;shape_leng;tabla_anex;tabla_an_1;cobertura;cod_tipo;codanexoi;cod_anexoi;p;anexoi_gal;shape_leng.1
Rois;Monte Piquiño;181241;105048;ES1140001.1406;UA220;5.30683569629;UA200;17689.7331384;181318;ES1140001.1406;5.0;P;3260;3260;;Ríos dos pisos basal a montano;17689.7331384
Rois;Monte Piquiño;181242;105048;ES1140001.1406;UA220;5.30683569629;UA200;17689.7331384;181319;ES1140001.1406;1.0;S;6430;6430;;Megaforbios éutrofos higrófilos das orlas de chairas;17689.7331384
Rois;Olerón;179517;105040;ES1140001.0823;UA220;6.9793175542;UA200;23269.1090376;179594;ES1140001.0823;5.0;P;3260;3260;;Ríos dos pisos basal a montano;23269.1090376
Rois;Olerón;179518;105040;ES1140001.0823;UA220;6.9793175542;UA200;23269.1090376;179595;ES1140001.0823;1.0;S;6430;6430;;Megaforbios éutrofos higrófilos das orlas de chairas;23269.1090376
Rois;Olerón;181010;105045;ES1140001.1311;UA220;18.1324559992;UA200;60408.5262981;181089;ES1140001.1311;1.0;S;6430;6430;;Megaforbios éutrofos higrófilos das orlas de chairas;60408.5262981
Rois;Olerón;181011;105045;ES1140001.1311;UA220;18.1324559992;UA200;60408.5262981;181087;ES1140001.1311;5.0;P;3260;3260;;Ríos dos pisos basal a montano;60408.5262981
Rois;Olerón;181012;105045;ES1140001.1311;UA220;18.1324559992;UA200;60408.5262981;181088;ES1140001.1311;2.0;V;91E0*;91E0;X;Bosques aluviais de Alnus glutinosa e Fraxinus excelsior;60408.5262981
Rois;Olerón,MONTE TREITO;180694;105075;ES1140001.1181;UA220;35.9639369949;UA200;116517.488458;180771;ES1140001.1181;5.0;P;3260;3260;;Ríos dos pisos basal a montano;116517.488458
Rois;Olerón,MONTE TREITO;180695;105075;ES1140001.1181;UA220;35.9639369949;UA200;116517.488458;180772;ES1140001.1181;1.0;S;6430;6430;;Megaforbios éutrofos higrófilos das orlas de chairas;116517.488458
