concello;poligonales;objectid;ua_teselas;ua_tesel_1;ua;hectares;grupoua;shape_leng;tabla_anex;tabla_an_1;cobertura;cod_tipo;codanexoi;cod_anexoi;p;anexoi_gal;shape_leng.1
Santiago de Compostela;O PET N;35298;31305;ES1110016.1303;UA631;29.3014110594;UA600;6518.40402617;35366;ES1110016.1303;1.0;S;9230;9230;;Carballeiras galaico-portugueses con Quercus robur e Q. pyrenaica;6518.40402617
Santiago de Compostela;O PET N;35299;31305;ES1110016.1303;UA631;29.3014110594;UA600;6518.40402617;35367;ES1110016.1303;1.0;S;6410;6410;;Prados con Molinia;6518.40402617
Santiago de Compostela;O PET N;35355;32178;ES1110016.1334;UA220;2.84046938389;UA200;9474.84640292;35424;ES1110016.1334;1.0;V;91E0*;91E0;X;Bosques aluviais de Alnus glutinosa e Fraxinus excelsior;9474.84640292
Santiago de Compostela;O PET N;35356;32178;ES1110016.1334;UA220;2.84046938389;UA200;9474.84640292;35425;ES1110016.1334;1.0;S;6430;6430;;Megaforbios éutrofos higrófilos das orlas de chairas;9474.84640292
Santiago de Compostela;O PET N;35357;32178;ES1110016.1334;UA220;2.84046938389;UA200;9474.84640292;35423;ES1110016.1334;5.0;P;3260;3260;;Ríos dos pisos basal a montano;9474.84640292
