concello;poligonales;objectid;ua_teselas;ua_tesel_1;ua;hectares;grupoua;shape_leng;tabla_anex;tabla_an_1;cobertura;cod_tipo;codanexoi;cod_anexoi;p;anexoi_gal;shape_leng.1
Lousame;MONTE TREITO;26874;23337;ES1110011.0442;UA220;1.19712587999;UA200;5994.88225414;26942;ES1110011.0442;5.0;P;3260;3260;;Ríos dos pisos basal a montano;5994.88225414
Lousame;MONTE TREITO;26875;23337;ES1110011.0442;UA220;1.19712587999;UA200;5994.88225414;26943;ES1110011.0442;2.0;V;91E0*;91E0;X;Bosques aluviais de Alnus glutinosa e Fraxinus excelsior;5994.88225414
Lousame;MONTE TREITO;26876;23337;ES1110011.0442;UA220;1.19712587999;UA200;5994.88225414;26944;ES1110011.0442;1.0;S;6430;6430;;Megaforbios éutrofos higrófilos das orlas de chairas;5994.88225414
Lousame;Poligonal Cova da vella,Poligonal P.E HURACÁN;26925;23230;ES1110011.0479;UA220;4.78061619353;UA200;23904.3838632;26994;ES1110011.0479;2.0;V;91E0*;91E0;X;Bosques aluviais de Alnus glutinosa e Fraxinus excelsior;23904.3838632
Lousame;Poligonal Cova da vella,Poligonal P.E HURACÁN;26927;23230;ES1110011.0479;UA220;4.78061619353;UA200;23904.3838632;26993;ES1110011.0479;5.0;P;3260;3260;;Ríos dos pisos basal a montano;23904.3838632
Lousame;Poligonal P.E HURACÁN;27087;23569;ES1110011.0556;UA220;1.60043061999;UA200;8009.94694995;27155;ES1110011.0556;5.0;P;3260;3260;;Ríos dos pisos basal a montano;8009.94694995
Lousame;Poligonal P.E HURACÁN;27088;23569;ES1110011.0556;UA220;1.60043061999;UA200;8009.94694995;27156;ES1110011.0556;2.0;V;91E0*;91E0;X;Bosques aluviais de Alnus glutinosa e Fraxinus excelsior;8009.94694995
Lousame;Poligonal P.E HURACÁN;27089;23569;ES1110011.0556;UA220;1.60043061999;UA200;8009.94694995;27157;ES1110011.0556;1.0;S;6430;6430;;Megaforbios éutrofos higrófilos das orlas de chairas;8009.94694995
Lousame;Poligonal P.E HURACÁN,Poligonal Cova da vella;26926;23230;ES1110011.0479;UA220;4.78061619353;UA200;23904.3838632;26995;ES1110011.0479;1.0;S;6430;6430;;Megaforbios éutrofos higrófilos das orlas de chairas;23904.3838632
