concello;objectid;ua_teselas;ua_tesel_1;ua;hectares;grupoua;shape_leng;tabla_anex;tabla_an_1;cobertura;cod_tipo;codanexoi;cod_anexoi;p;anexoi_gal;shape_leng.1;Unnamed: 17
Carballo;10039;11318;ES1110005.0044;UA111;1256.403325;UA100;85631.8373;10107.0;ES1110005.0044;;A;1110;1110;;Bancos de area cubertos permanentemente por auga mariña;85631.8373;
Carballo;32739;27219;ES1110015.0279;UA220;8.114530706;UA200;27049.7287;32807.0;ES1110015.0279;5;P;3260;3260;;Ríos dos pisos basal a montano;27049.7287;
Carballo;32740;27219;ES1110015.0279;UA220;8.114530706;UA200;27049.7287;32808.0;ES1110015.0279;1;V;91E0*;9.10E+01;X;Bosques aluviais de Alnus glutinosa e Fraxinus excelsior;27049.7287;
Carballo;32741;27219;ES1110015.0279;UA220;8.114530706;UA200;27049.7287;32809.0;ES1110015.0279;1;S;6430;6430;;Megaforbios éutrofos higrófilos das orlas de chairas;27049.7287;
Carballo;32779;27253;ES1110015.0318;UA220;6.619346705;UA200;22060.93614;32847.0;ES1110015.0318;5;P;3260;3260;;Ríos dos pisos basal a montano;22060.93614;
Carballo;32780;27253;ES1110015.0318;UA220;6.619346705;UA200;22060.93614;32848.0;ES1110015.0318;1;V;91E0*;9.10E+01;X;Bosques aluviais de Alnus glutinosa e Fraxinus excelsior;22060.93614;
Carballo;32781;27253;ES1110015.0318;UA220;6.619346705;UA200;22060.93614;32849.0;ES1110015.0318;1;S;6430;6430;;Megaforbios éutrofos higrófilos das orlas de chairas;22060.93614;
