concello;objectid;ua_teselas;ua_tesel_1;ua;hectares;grupoua;shape_leng;tabla_anex;tabla_an_1;cobertura;cod_tipo;codanexoi;cod_anexoi;p;anexoi_gal;shape_leng.1;Unnamed: 17
Oza-Cesuras;22615;18777;ES1110007.1656;UA220;0.207288544;UA200;2736.986708;22683.0;ES1110007.1656;5;P;3260;3260;;Ríos dos pisos basal a montano;2736.986708;
Oza-Cesuras;22616;18777;ES1110007.1656;UA220;0.207288544;UA200;2736.986708;22685.0;ES1110007.1656;1;S;6430;6430;;Megaforbios éutrofos higrófilos das orlas de chairas;2736.986708;
Oza-Cesuras;22617;18777;ES1110007.1656;UA220;0.207288544;UA200;2736.986708;22684.0;ES1110007.1656;1;V;91E0*;9.10E+01;X;Bosques aluviais de Alnus glutinosa e Fraxinus excelsior;2736.986708;
Oza-Cesuras;22669;18829;ES1110007.1690;UA220;2.135430419;UA200;7642.43078;22737.0;ES1110007.1690;5;P;3260;3260;;Ríos dos pisos basal a montano;7642.43078;
Oza-Cesuras;22670;18829;ES1110007.1690;UA220;2.135430419;UA200;7642.43078;22738.0;ES1110007.1690;1;V;91E0*;9.10E+01;X;Bosques aluviais de Alnus glutinosa e Fraxinus excelsior;7642.43078;
Oza-Cesuras;22671;18829;ES1110007.1690;UA220;2.135430419;UA200;7642.43078;22739.0;ES1110007.1690;1;S;6430;6430;;Megaforbios éutrofos higrófilos das orlas de chairas;7642.43078;
